{
  "src/content.config.ts": 1775852403.408838,
  "src/env.d.ts": 1775852372.2782266,
  "src/config/site.ts": 1775932026.6030283,
  "src/content/config.ts": 1775852372.272591,
  "src/data/senalamientos-productos.ts": 1775852372.2780287,
  "src/data/gabinetes-productos.ts": 1775852372.2776873,
  "src/data/sistemas-productos.ts": 1775852372.2781258,
  "src/data/primeros-auxilios-productos.ts": 1775852372.2778993,
  "src/data/mangueras-productos.ts": 1775852372.2777953,
  "src/data/extintores-productos.ts": 1775889057.7203634,
  "src/data/bomberos-productos.ts": 1775852372.2771661,
  "src/data/categorias.ts": 1775852372.2773137,
  "src/data/equipo-seguridad-productos.ts": 1775852372.2774274,
  "LAYOUT-PRODUCTO.md": 1775852372.2630963,
  "README.md": 1775264198.802582,
  "DEPLOY.md": 1775852372.262966,
  "CLAUDE.md": 1775930771.9807389,
  "ProyectoRed-Vault/\ud83c\udfe0 Inicio.md": 1775852372.2655835,
  "ProyectoRed-Vault/03 - Normas y Certificaciones/Normas Aplicables.md": 1775852372.264932,
  "ProyectoRed-Vault/04 - Tareas/Pendientes.md": 1775852372.265322,
  "ProyectoRed-Vault/01 - Empresa/Estudio T\u00e9cnico \u2014 Arquitectura Astro.md": 1775852372.263769,
  "ProyectoRed-Vault/01 - Empresa/Arquitectura \u2014 Archivos Generados.md": 1775852372.2634993,
  "ProyectoRed-Vault/01 - Empresa/Cat\u00e1logo de Productos.md": 1775852372.2635822,
  "ProyectoRed-Vault/01 - Empresa/Descripci\u00f3n General.md": 1775852372.263661,
  "ProyectoRed-Vault/01 - Empresa/Sitio Web \u2014 An\u00e1lisis.md": 1775852372.2638674,
  "ProyectoRed-Vault/02 - Clientes y Proyectos/Sitio Web \u2014 Sistema de T\u00edtulos y CSS.md": 1775867917.7391174,
  "ProyectoRed-Vault/02 - Clientes y Proyectos/Directorio de Clientes.md": 1775852372.2642264,
  "ProyectoRed-Vault/02 - Clientes y Proyectos/Proyectos Activos.md": 1775852372.2645452,
  "docs/LAYOUT-SYSTEM.md": 1775889232.6912787,
  "public/robots.txt": 1775852372.2671618,
  "src/content/blog/barra-halligan-rescate-forzamiento.md": 1775264198.838582,
  "src/content/blog/nfpa-20-bomba-incendio-edificios-mexico.md": 1775264198.839582,
  "src/content/blog/diferencia-salida-emergencia-salida-regular.md": 1775264198.838582,
  "src/content/blog/donde-colocar-extintor-restaurante.md": 1775264198.838582,
  "src/content/blog/tablero-control-sistema-incendio.md": 1775264198.840582,
  "src/content/blog/prueba-hidrostatica-extintor-cuando.md": 1775264198.839582,
  "src/content/blog/norma-extintores-cocinas-restaurantes.md": 1775264198.839582,
  "src/content/blog/equipo-extincion-bomberos.md": 1775264198.838582,
  "src/content/blog/se\u00f1alamiento-escaleras-evacuacion.md": 1775264198.839582,
  "src/content/blog/supresion-incendio-campana-cocina-industrial.md": 1775264198.840582,
  "src/content/blog/senalizacion-emergencia-nom-003.md": 1775264198.839582,
  "src/content/blog/recarga-extintor-precio-cdmx.md": 1775264198.839582,
  "src/content/blog/equipo-herramientas-bomberos-empresa.md": 1775264198.838582,
  "src/content/blog/que-extintor-necesita-mi-empresa.md": 1775852372.2722855,
  "src/content/blog/prevencion-atmosferas-explosivas-industria.md": 1775264198.839582,
  "src/content/blog/como-funciona-agente-humedo-clase-k.md": 1775264198.838582,
  "src/content/blog/como-elegir-extintor-segun-riesgo.md": 1775264198.838582,
  "src/content/blog/punto-reunion-evacuacion-empresa.md": 1775264198.839582,
  "src/content/blog/hacha-rescate-bomberos-uso.md": 1775264198.838582,
  "src/content/blog/materiales-red-hidraulica-contra-incendio.md": 1775264198.839582,
  "src/content/blog/tuberia-pvc-red-hidraulica-incendio.md": 1775264198.840582,
  "src/content/blog/extintor-pared-instalacion-correcta.md": 1775264198.838582,
  "src/content/blog/extintor-tipo-k-cocinas-comerciales.md": 1775264198.838582,
  "src/content/blog/sistema-bombeo-contra-incendio-presion.md": 1775264198.840582,
  "src/content/blog/gases-peligrosos-industria-h2s-co.md": 1775264198.838582,
  "src/content/blog/limpieza-campanas.md": 1775264198.839582,
  "src/content/blog/regulaciones-extintores-electricos.md": 1775264198.839582,
  "src/content/blog/extintor-acero-inoxidable-cocina-industrial.md": 1775264198.838582,
  "src/content/blog/como-usar-extintor-correctamente.md": 1775264198.838582,
  "src/content/blog/colores-cascos-bombero.md": 1775264198.838582,
  "src/content/blog/arranque-automatico-bomba-incendio.md": 1775264198.8375819,
  "src/content/blog/como-pasar-inspeccion-proteccion-civil.md": 1775852372.2717543,
  "src/content/blog/panel-deteccion-incendio-zonas.md": 1775264198.839582,
  "src/content/blog/letrero-extintor-fotoluminiscente.md": 1775264198.839582,
  "src/content/blog/asesoria-tecnica-proteccion-civil.md": 1775264198.838582,
  "src/content/blog/detector-multigas-espacios-confinados.md": 1775264198.838582,
  "src/content/blog/capacitacion-brigadas-incendio-dc3.md": 1775264198.838582,
  "src/content/blog/salidas-emergencia-obligatorias-norma.md": 1775264198.839582,
  "src/content/blog/mantas-ignifugas-inspecciones.md": 1775264198.839582,
  "src/content/blog/materiales-se\u00f1alizacion-emergencia-tipos.md": 1775264198.839582,
  "src/content/blog/herramientas-rescate-brigada-emergencias.md": 1775264198.839582,
  "src/content/blog/higiene-cocina-comercial-equipo-seguridad.md": 1775264198.839582,
  "src/content/blog/guia-proteccion-pymes.md": 1775264198.838582,
  "src/content/blog/incendios-restaurantes.md": 1775264198.839582,
  "src/content/blog/evacuacion-vertical-edificios-multiples-pisos.md": 1775264198.838582,
  "src/content/blog/bitacora-extintores-auditoria.md": 1775264198.838582,
  "src/content/blog/tuberia-sistema-tipo-k-campana-instalacion.md": 1775264198.840582,
  "src/content/blog/simulacro-evacuacion-empresa-como-hacerlo.md": 1775264198.839582,
  "src/content/blog/mantenimiento-preventivo-extintores-empresa.md": 1775264198.839582,
  "src/content/blog/cuantos-detectores-incendio-necesita-empresa.md": 1775264198.838582,
  "src/content/blog/extintor-falla-prueba-hidrostatica.md": 1775264198.838582,
  "src/content/blog/sistema-contra-incendio-nfpa-que-necesita-mi-edificio.md": 1775852372.2724009,
  "src/content/blog/cada-cuanto-se-recarga-un-extintor.md": 1775264198.838582,
  "src/content/blog/extintor-portatil-tipo-k-ventajas.md": 1775264198.838582,
  "src/content/blog/se\u00f1alizacion-extintores-auditorias.md": 1775264198.839582,
  "src/content/blog/instalacion-sistema-contra-incendio-cdmx.md": 1775264198.839582,
  "src/content/blog/seguridad-condominios.md": 1775264198.839582,
  "src/content/blog/linternas-para-bomberos.md": 1775264198.839582,
  "src/content/blog/mantenimiento-preventivo-extintores-nom.md": 1775852372.272093,
  "src/content/blog/rutas-evacuacion-empresa-como-disenarlas.md": 1775264198.839582,
  "src/content/blog/se\u00f1al-extintor-pvc-rigido.md": 1775264198.839582,
  "src/content/blog/analisis-riesgo-incendio-instalaciones.md": 1775264198.8375819,
  "src/content/blog/equipamiento-proteccion-civil-empresa.md": 1775264198.838582,
  "src/content/blog/detector-gas-lel-como-funciona.md": 1775264198.838582,
  "src/content/blog/sistema-deteccion-incendio-que-incluye.md": 1775264198.840582,
  "src/content/blog/alarma-fuga-gas-empresas-protocolo.md": 1775264198.8375819,
  "src/content/blog/detector-gas-combustible-fijo-instalaciones.md": 1775264198.838582,
  "src/content/productos/letrero-salida-emergencia.md": 1775852403.409822,
  "src/content/productos/extintor-tipo-k-portatil.md": 1775852403.4094307,
  "src/content/productos/extintor-tipo-k-acero-inox.md": 1775852403.4092743,
  "src/content/productos/tuberia-hidraulica-campana.md": 1775852403.410279,
  "src/content/productos/detector-gas.md": 1775852403.409114,
  "src/content/productos/sistema-evans-20hp.md": 1775852403.410124,
  "src/content/productos/detector-gas-multiple.md": 1775852403.4090328,
  "src/content/productos/hacha-rescate.md": 1775852403.409516,
  "src/content/productos/tubo-pvc-hidraulico.md": 1775852403.4103544,
  "src/content/productos/letrero-extintor.md": 1775852403.4096682,